市立板橋國中,新北市市立板橋國中,014501,新北市
市立重慶國中,新北市市立重慶國中,014503,新北市
市立江翠國中,新北市市立江翠國中,014504,新北市
市立中山國中,新北市市立中山國中,014505,新北市
市立新埔國中,新北市市立新埔國中,014506,新北市
市立新莊國中,新北市市立新莊國中,014507,新北市
市立新泰國中,新北市市立新泰國中,014508,新北市
市立福營國中,新北市市立福營國中,014509,新北市
市立頭前國中,新北市市立頭前國中,014510,新北市
市立光榮國中,新北市市立光榮國中,014512,新北市
市立明志國中,新北市市立明志國中,014513,新北市
市立碧華國中,新北市市立碧華國中,014514,新北市
市立永和國中,新北市市立永和國中,014516,新北市
市立福和國中,新北市市立福和國中,014517,新北市
市立中和國中,新北市市立中和國中,014518,新北市
市立積穗國中,新北市市立積穗國中,014519,新北市
市立漳和國中,新北市市立漳和國中,014520,新北市
市立鶯歌國中,新北市市立鶯歌國中,014521,新北市
市立柑園國中,新北市市立柑園國中,014523,新北市
市立土城國中,新北市市立土城國中,014524,新北市
市立三峽國中,新北市市立三峽國中,014525,新北市
市立八里國中,新北市市立八里國中,014527,新北市
市立泰山國中,新北市市立泰山國中,014528,新北市
市立五股國中,新北市市立五股國中,014529,新北市
市立蘆洲國中,新北市市立蘆洲國中,014530,新北市
市立林口國中,新北市市立林口國中,014531,新北市
市立汐止國中,新北市市立汐止國中,014533,新北市
市立淡水國中,新北市市立淡水國中,014534,新北市
市立三芝國中,新北市市立三芝國中,014536,新北市
市立石門國中,新北市市立石門國中,014537,新北市
市立萬里國中,新北市市立萬里國中,014539,新北市
市立坪林國中,新北市市立坪林國中,014540,新北市
市立文山國中,新北市市立文山國中,014541,新北市
市立五峰國中,新北市市立五峰國中,014542,新北市
市立瑞芳國中,新北市市立瑞芳國中,014544,新北市
市立欽賢國中,新北市市立欽賢國中,014545,新北市
市立貢寮國中,新北市市立貢寮國中,014546,新北市
市立深坑國中,新北市市立深坑國中,014549,新北市
市立平溪國中,新北市市立平溪國中,014550,新北市
市立烏來國中(小),新北市市立烏來國中(小),014551,新北市
市立溪崑國中,新北市市立溪崑國中,014552,新北市
市立自強國中,新北市市立自強國中,014554,新北市
市立中正國中,新北市市立中正國中,014555,新北市
市立義學國中,新北市市立義學國中,014558,新北市
市立中平國中,新北市市立中平國中,014559,新北市
市立鳳鳴國中,新北市市立鳳鳴國中,014560,新北市
市立三和國中,新北市市立三和國中,014561,新北市
市立尖山國中,新北市市立尖山國中,014565,新北市
市立正德國中,新北市市立正德國中,014566,新北市
市立安溪國中,新北市市立安溪國中,014567,新北市
市立樟樹國中,新北市市立樟樹國中,014568,新北市
市立育林國中,新北市市立育林國中,014569,新北市
市立青山國中(小),新北市市立青山國中(小),014570,新北市
市立崇林國中,新北市市立崇林國中,014571,新北市
市立二重國中,新北市市立二重國中,014572,新北市
市立大觀國中,新北市市立大觀國中,014573,新北市
市立三多國中,新北市市立三多國中,014574,新北市
市立忠孝國中,新北市市立忠孝國中,014575,新北市
市立鷺江國中,新北市市立鷺江國中,014576,新北市
市立桃子腳國中(小),新北市市立桃子腳國中(小),014577,新北市
市立豐珠國中(小),新北市市立豐珠國中(小),014578,新北市
市立佳林國中,新北市市立佳林國中,014579,新北市
市立達觀國中(小),新北市市立達觀國中(小),014580,新北市
市立介壽國中,臺北市市立介壽國中,313501,臺北市
市立民生國中,臺北市市立民生國中,313502,臺北市
市立中山國中,臺北市市立中山國中,313504,臺北市
市立敦化國中,臺北市市立敦化國中,313505,臺北市
市立興雅國中,臺北市市立興雅國中,323502,臺北市
市立永吉國中,臺北市市立永吉國中,323503,臺北市
市立?公國中,臺北市市立?公國中,323504,臺北市
市立信義國中,臺北市市立信義國中,323505,臺北市
私立立人國中(小),臺北市私立立人國中(小),331502,臺北市
市立仁愛國中,臺北市市立仁愛國中,333501,臺北市
市立大安國中,臺北市市立大安國中,333502,臺北市
市立芳和國中,臺北市市立芳和國中,333504,臺北市
市立金華國中,臺北市市立金華國中,333505,臺北市
市立懷生國中,臺北市市立懷生國中,333506,臺北市
市立民族國中,臺北市市立民族國中,333507,臺北市
市立龍門國中,臺北市市立龍門國中,333508,臺北市
市立長安國中,臺北市市立長安國中,343502,臺北市
市立北安國中,臺北市市立北安國中,343504,臺北市
市立新興國中,臺北市市立新興國中,343505,臺北市
市立五常國中,臺北市市立五常國中,343506,臺北市
市立濱江國中,臺北市市立濱江國中,343507,臺北市
市立螢橋國中,臺北市市立螢橋國中,353501,臺北市
市立古亭國中,臺北市市立古亭國中,353502,臺北市
市立南門國中,臺北市市立南門國中,353503,臺北市
市立弘道國中,臺北市市立弘道國中,353504,臺北市
市立中正國中,臺北市市立中正國中,353505,臺北市
市立建成國中,臺北市市立建成國中,363501,臺北市
市立忠孝國中,臺北市市立忠孝國中,363502,臺北市
市立民權國中,臺北市市立民權國中,363504,臺北市
市立蘭州國中,臺北市市立蘭州國中,363506,臺北市
市立重慶國中,臺北市市立重慶國中,363507,臺北市
市立萬華國中,臺北市市立萬華國中,373501,臺北市
市立雙園國中,臺北市市立雙園國中,373503,臺北市
市立龍山國中,臺北市市立龍山國中,373505,臺北市
私立靜心國中,臺北市私立靜心國中,381501,臺北市
市立木柵國中,臺北市市立木柵國中,383501,臺北市
市立實踐國中,臺北市市立實踐國中,383502,臺北市
市立北政國中,臺北市市立北政國中,383503,臺北市
市立景美國中,臺北市市立景美國中,383504,臺北市
市立興福國中,臺北市市立興福國中,383505,臺北市
市立景興國中,臺北市市立景興國中,383507,臺北市
市立誠正國中,臺北市市立誠正國中,393501,臺北市
市立成德國中,臺北市市立成德國中,393503,臺北市
市立內湖國中,臺北市市立內湖國中,403501,臺北市
市立麗山國中,臺北市市立麗山國中,403502,臺北市
市立三民國中,臺北市市立三民國中,403503,臺北市
市立西湖國中,臺北市市立西湖國中,403504,臺北市
市立東湖國中,臺北市市立東湖國中,403505,臺北市
市立明湖國中,臺北市市立明湖國中,403506,臺北市
市立士林國中,臺北市市立士林國中,413501,臺北市
市立蘭雅國中,臺北市市立蘭雅國中,413502,臺北市
市立至善國中,臺北市市立至善國中,413504,臺北市
市立格致國中,臺北市市立格致國中,413505,臺北市
市立福安國中,臺北市市立福安國中,413506,臺北市
市立天母國中,臺北市市立天母國中,413508,臺北市
市立北投國中,臺北市市立北投國中,423501,臺北市
市立新民國中,臺北市市立新民國中,423502,臺北市
市立明德國中,臺北市市立明德國中,423503,臺北市
市立桃源國中,臺北市市立桃源國中,423504,臺北市
市立石牌國中,臺北市市立石牌國中,423505,臺北市
市立關渡國中,臺北市市立關渡國中,423506,臺北市
私立有得國中(小),桃園市私立有得國中(小),031502,桃園市
市立桃園國中,桃園市市立桃園國中,034501,桃園市
市立青溪國中,桃園市市立青溪國中,034502,桃園市
市立文昌國中,桃園市市立文昌國中,034503,桃園市
市立建國國中,桃園市市立建國國中,034504,桃園市
市立中興國中,桃園市市立中興國中,034505,桃園市
市立南崁國中,桃園市市立南崁國中,034506,桃園市
市立山腳國中,桃園市市立山腳國中,034507,桃園市
市立大竹國中,桃園市市立大竹國中,034508,桃園市
市立大園國中,桃園市市立大園國中,034509,桃園市
市立竹圍國中,桃園市市立竹圍國中,034510,桃園市
市立大溪國中,桃園市市立大溪國中,034511,桃園市
市立仁和國中,桃園市市立仁和國中,034513,桃園市
市立大崗國中,桃園市市立大崗國中,034515,桃園市
市立八德國中,桃園市市立八德國中,034516,桃園市
市立大成國中,桃園市市立大成國中,034517,桃園市
市立中壢國中,桃園市市立中壢國中,034518,桃園市
市立平南國中,桃園市市立平南國中,034520,桃園市
市立新明國中,桃園市市立新明國中,034521,桃園市
市立內壢國中,桃園市市立內壢國中,034522,桃園市
市立大崙國中,桃園市市立大崙國中,034523,桃園市
市立龍岡國中,桃園市市立龍岡國中,034524,桃園市
市立興南國中,桃園市市立興南國中,034525,桃園市
市立自強國中,桃園市市立自強國中,034526,桃園市
市立東興國中,桃園市市立東興國中,034527,桃園市
市立楊梅國中,桃園市市立楊梅國中,034528,桃園市
市立仁美國中,桃園市市立仁美國中,034529,桃園市
市立富岡國中,桃園市市立富岡國中,034530,桃園市
市立瑞原國中,桃園市市立瑞原國中,034531,桃園市
市立觀音國中,桃園市市立觀音國中,034533,桃園市
市立草漯國中,桃園市市立草漯國中,034534,桃園市
市立新屋國中,桃園市市立新屋國中,034535,桃園市
市立大坡國中,桃園市市立大坡國中,034536,桃園市
市立永安國中,桃園市市立永安國中,034537,桃園市
市立龍潭國中,桃園市市立龍潭國中,034538,桃園市
市立凌雲國中,桃園市市立凌雲國中,034539,桃園市
市立石門國中,桃園市市立石門國中,034540,桃園市
市立介壽國中,桃園市市立介壽國中,034541,桃園市
市立慈文國中,桃園市市立慈文國中,034542,桃園市
市立平興國中,桃園市市立平興國中,034543,桃園市
市立楊明國中,桃園市市立楊明國中,034544,桃園市
市立龍興國中,桃園市市立龍興國中,034545,桃園市
市立福豐國中,桃園市市立福豐國中,034546,桃園市
市立東安國中,桃園市市立東安國中,034549,桃園市
市立光明國中,桃園市市立光明國中,034550,桃園市
市立同德國中,桃園市市立同德國中,034551,桃園市
市立幸福國中,桃園市市立幸福國中,034552,桃園市
市立大有國中,桃園市市立大有國中,034554,桃園市
市立龜山國中,桃園市市立龜山國中,034555,桃園市
市立會稽國中,桃園市市立會稽國中,034556,桃園市
市立楊光國中(小),桃園市市立楊光國中(小),034557,桃園市
市立迴龍國中(小),桃園市市立迴龍國中(小),034559,桃園市
市立平鎮國中,桃園市市立平鎮國中,034560,桃園市
市立武漢國中,桃園市市立武漢國中,034561,桃園市
市立經國國中,桃園市市立經國國中,034562,桃園市
市立過嶺國中,桃園市市立過嶺國中,034563,桃園市
市立瑞坪國中,桃園市市立瑞坪國中,034564,桃園市
市立青埔國中,桃園市市立青埔國中,034565,桃園市
市立豐原國中,臺中市市立豐原國中,064501,臺中市
市立豐東國中,臺中市市立豐東國中,064502,臺中市
市立豐南國中,臺中市市立豐南國中,064503,臺中市
市立潭子國中,臺中市市立潭子國中,064504,臺中市
市立大雅國中,臺中市市立大雅國中,064505,臺中市
市立神岡國中,臺中市市立神岡國中,064506,臺中市
市立后里國中,臺中市市立后里國中,064507,臺中市
市立外埔國中,臺中市市立外埔國中,064509,臺中市
市立大甲國中,臺中市市立大甲國中,064510,臺中市
市立日南國中,臺中市市立日南國中,064511,臺中市
市立大安國中,臺中市市立大安國中,064512,臺中市
市立清水國中,臺中市市立清水國中,064513,臺中市
市立清泉國中,臺中市市立清泉國中,064514,臺中市
市立沙鹿國中,臺中市市立沙鹿國中,064515,臺中市
市立梧棲國中,臺中市市立梧棲國中,064516,臺中市
市立龍井國中,臺中市市立龍井國中,064517,臺中市
市立四箴國中,臺中市市立四箴國中,064518,臺中市
市立大道國中,臺中市市立大道國中,064519,臺中市
市立烏日國中,臺中市市立烏日國中,064520,臺中市
市立溪南國中,臺中市市立溪南國中,064521,臺中市
市立霧峰國中,臺中市市立霧峰國中,064522,臺中市
市立光復國中(小),臺中市市立光復國中(小),064523,臺中市
市立太平國中,臺中市市立太平國中,064525,臺中市
市立中平國中,臺中市市立中平國中,064526,臺中市
市立石岡國中,臺中市市立石岡國中,064527,臺中市
市立東勢國中,臺中市市立東勢國中,064529,臺中市
市立東華國中,臺中市市立東華國中,064530,臺中市
市立東新國中,臺中市市立東新國中,064531,臺中市
市立成功國中,臺中市市立成功國中,064532,臺中市
市立和平國中,臺中市市立和平國中,064533,臺中市
市立北勢國中,臺中市市立北勢國中,064534,臺中市
市立鹿寮國中,臺中市市立鹿寮國中,064535,臺中市
市立光榮國中,臺中市市立光榮國中,064537,臺中市
市立潭秀國中,臺中市市立潭秀國中,064538,臺中市
市立順天國中,臺中市市立順天國中,064539,臺中市
市立清海國中,臺中市市立清海國中,064540,臺中市
市立大華國中,臺中市市立大華國中,064541,臺中市
市立新光國中,臺中市市立新光國中,064543,臺中市
市立光正國中,臺中市市立光正國中,064544,臺中市
市立豐陽國中,臺中市市立豐陽國中,064545,臺中市
市立光德國中,臺中市市立光德國中,064546,臺中市
市立立新國中,臺中市市立立新國中,064547,臺中市
市立爽文國中,臺中市市立爽文國中,064548,臺中市
市立公明國中,臺中市市立公明國中,064549,臺中市
市立龍津國中,臺中市市立龍津國中,064550,臺中市
市立神圳國中,臺中市市立神圳國中,064551,臺中市
市立梨山國中(小),臺中市市立梨山國中(小),064552,臺中市
私立麗澤國中(小),臺中市私立麗澤國中(小),191503,臺中市
市立居仁國中,臺中市市立居仁國中,193501,臺中市
市立雙十國中,臺中市市立雙十國中,193502,臺中市
市立崇倫國中,臺中市市立崇倫國中,193504,臺中市
市立大德國中,臺中市市立大德國中,193505,臺中市
市立北新國中,臺中市市立北新國中,193506,臺中市
市立東峰國中,臺中市市立東峰國中,193507,臺中市
市立黎明國中,臺中市市立黎明國中,193508,臺中市
市立光明國中,臺中市市立光明國中,193509,臺中市
市立向上國中,臺中市市立向上國中,193510,臺中市
市立育英國中,臺中市市立育英國中,193511,臺中市
市立四育國中,臺中市市立四育國中,193512,臺中市
市立五權國中,臺中市市立五權國中,193514,臺中市
市立中山國中,臺中市市立中山國中,193516,臺中市
市立崇德國中,臺中市市立崇德國中,193517,臺中市
市立立人國中,臺中市市立立人國中,193518,臺中市
市立漢口國中,臺中市市立漢口國中,193519,臺中市
市立安和國中,臺中市市立安和國中,193520,臺中市
市立至善國中,臺中市市立至善國中,193521,臺中市
市立萬和國中,臺中市市立萬和國中,193522,臺中市
市立大業國中,臺中市市立大業國中,193523,臺中市
市立三光國中,臺中市市立三光國中,193524,臺中市
市立四張犁國中,臺中市市立四張犁國中,193525,臺中市
市立福科國中,臺中市市立福科國中,193526,臺中市
市立大墩國中,臺中市市立大墩國中,193527,臺中市
私立城光國中,臺南市私立城光國中,111501,臺南市
私立昭明國中,臺南市私立昭明國中,111502,臺南市
市立仁德國中,臺南市市立仁德國中,114501,臺南市
市立仁德文賢國中,臺南市市立仁德文賢國中,114502,臺南市
市立歸仁國中,臺南市市立歸仁國中,114503,臺南市
市立關廟國中,臺南市市立關廟國中,114504,臺南市
市立永康國中,臺南市市立永康國中,114505,臺南市
市立龍崎國中,臺南市市立龍崎國中,114508,臺南市
市立新化國中,臺南市市立新化國中,114509,臺南市
市立善化國中,臺南市市立善化國中,114510,臺南市
市立玉井國中,臺南市市立玉井國中,114511,臺南市
市立山上國中,臺南市市立山上國中,114512,臺南市
市立安定國中,臺南市市立安定國中,114513,臺南市
市立楠西國中,臺南市市立楠西國中,114514,臺南市
市立新市國中,臺南市市立新市國中,114515,臺南市
市立南化國中,臺南市市立南化國中,114516,臺南市
市立左鎮國中,臺南市市立左鎮國中,114517,臺南市
市立麻豆國中,臺南市市立麻豆國中,114518,臺南市
市立下營國中,臺南市市立下營國中,114519,臺南市
市立六甲國中,臺南市市立六甲國中,114520,臺南市
市立官田國中,臺南市市立官田國中,114521,臺南市
市立大內國中,臺南市市立大內國中,114522,臺南市
市立佳里國中,臺南市市立佳里國中,114523,臺南市
市立佳興國中,臺南市市立佳興國中,114524,臺南市
市立學甲國中,臺南市市立學甲國中,114525,臺南市
市立西港國中,臺南市市立西港國中,114526,臺南市
市立將軍國中,臺南市市立將軍國中,114527,臺南市
市立後港國中,臺南市市立後港國中,114528,臺南市
市立竹橋國中,臺南市市立竹橋國中,114529,臺南市
市立北門國中,臺南市市立北門國中,114530,臺南市
市立南新國中,臺南市市立南新國中,114531,臺南市
市立太子國中,臺南市市立太子國中,114532,臺南市
市立新東國中,臺南市市立新東國中,114533,臺南市
市立鹽水國中,臺南市市立鹽水國中,114534,臺南市
市立白河國中,臺南市市立白河國中,114535,臺南市
市立柳營國中,臺南市市立柳營國中,114536,臺南市
市立東山國中,臺南市市立東山國中,114537,臺南市
市立東原國中,臺南市市立東原國中,114538,臺南市
市立後壁國中,臺南市市立後壁國中,114539,臺南市
市立菁寮國中,臺南市市立菁寮國中,114540,臺南市
市立大橋國中,臺南市市立大橋國中,114543,臺南市
市立沙崙國中,臺南市市立沙崙國中,114544,臺南市
市立後甲國中,臺南市市立後甲國中,213501,臺南市
市立忠孝國中,臺南市市立忠孝國中,213502,臺南市
市立大成國中,臺南市市立大成國中,213504,臺南市
市立金城國中,臺南市市立金城國中,213505,臺南市
市立民德國中,臺南市市立民德國中,213506,臺南市
市立成功國中,臺南市市立成功國中,213507,臺南市
市立延平國中,臺南市市立延平國中,213508,臺南市
市立建興國中,臺南市市立建興國中,213509,臺南市
市立中山國中,臺南市市立中山國中,213510,臺南市
市立安平國中,臺南市市立安平國中,213511,臺南市
市立安南國中,臺南市市立安南國中,213512,臺南市
市立安順國中,臺南市市立安順國中,213513,臺南市
市立復興國中,臺南市市立復興國中,213514,臺南市
市立新興國中,臺南市市立新興國中,213515,臺南市
市立文賢國中,臺南市市立文賢國中,213517,臺南市
市立崇明國中,臺南市市立崇明國中,213518,臺南市
市立和順國中,臺南市市立和順國中,213519,臺南市
市立海佃國中,臺南市市立海佃國中,213520,臺南市
市立鳳山國中,高雄市市立鳳山國中,124501,高雄市
市立鳳西國中,高雄市市立鳳西國中,124503,高雄市
市立五甲國中,高雄市市立五甲國中,124504,高雄市
市立鳳甲國中,高雄市市立鳳甲國中,124505,高雄市
市立忠孝國中,高雄市市立忠孝國中,124506,高雄市
市立大寮國中,高雄市市立大寮國中,124507,高雄市
市立潮寮國中,高雄市市立潮寮國中,124508,高雄市
市立大樹國中,高雄市市立大樹國中,124509,高雄市
市立溪埔國中,高雄市市立溪埔國中,124510,高雄市
市立鳥松國中,高雄市市立鳥松國中,124512,高雄市
市立大社國中,高雄市市立大社國中,124514,高雄市
市立岡山國中,高雄市市立岡山國中,124515,高雄市
市立前峰國中,高雄市市立前峰國中,124516,高雄市
市立永安國中,高雄市市立永安國中,124517,高雄市
市立橋頭國中,高雄市市立橋頭國中,124518,高雄市
市立梓官國中,高雄市市立梓官國中,124519,高雄市
市立燕巢國中,高雄市市立燕巢國中,124520,高雄市
市立阿蓮國中,高雄市市立阿蓮國中,124521,高雄市
市立湖內國中,高雄市市立湖內國中,124523,高雄市
市立茄萣國中,高雄市市立茄萣國中,124524,高雄市
市立田寮國中,高雄市市立田寮國中,124525,高雄市
市立彌陀國中,高雄市市立彌陀國中,124526,高雄市
市立旗山國中,高雄市市立旗山國中,124527,高雄市
市立圓富國中,高雄市市立圓富國中,124528,高雄市
市立大洲國中,高雄市市立大洲國中,124529,高雄市
市立美濃國中,高雄市市立美濃國中,124530,高雄市
市立南隆國中,高雄市市立南隆國中,124531,高雄市
市立龍肚國中,高雄市市立龍肚國中,124532,高雄市
市立寶來國中,高雄市市立寶來國中,124534,高雄市
市立杉林國中,高雄市市立杉林國中,124535,高雄市
市立內門國中,高雄市市立內門國中,124536,高雄市
市立甲仙國中,高雄市市立甲仙國中,124537,高雄市
市立中芸國中,高雄市市立中芸國中,124538,高雄市
市立中庄國中,高雄市市立中庄國中,124539,高雄市
市立蚵寮國中,高雄市市立蚵寮國中,124541,高雄市
市立那瑪夏國中,高雄市市立那瑪夏國中,124542,高雄市
市立青年國中,高雄市市立青年國中,124543,高雄市
市立一甲國中,高雄市市立一甲國中,124544,高雄市
市立大灣國中,高雄市市立大灣國中,124545,高雄市
市立嘉興國中,高雄市市立嘉興國中,124546,高雄市
市立茂林國中,高雄市市立茂林國中,124547,高雄市
市立桃源國中,高雄市市立桃源國中,124548,高雄市
市立中崙國中,高雄市市立中崙國中,124549,高雄市
市立鳳翔國中,高雄市市立鳳翔國中,124550,高雄市
市立鹽埕國中,高雄市市立鹽埕國中,513501,高雄市
市立壽山國中,高雄市市立壽山國中,523502,高雄市
市立明華國中,高雄市市立明華國中,523503,高雄市
市立七賢國中,高雄市市立七賢國中,523504,高雄市
市立左營國中,高雄市市立左營國中,533501,高雄市
市立大義國中,高雄市市立大義國中,533502,高雄市
市立立德國中,高雄市市立立德國中,533503,高雄市
市立龍華國中,高雄市市立龍華國中,533504,高雄市
市立福山國中,高雄市市立福山國中,533505,高雄市
市立文府國中,高雄市市立文府國中,533506,高雄市
市立楠梓國中,高雄市市立楠梓國中,543501,高雄市
市立右昌國中,高雄市市立右昌國中,543502,高雄市
市立後勁國中,高雄市市立後勁國中,543503,高雄市
市立國昌國中,高雄市市立國昌國中,543504,高雄市
市立翠屏國中(小),高雄市市立翠屏國中(小),543505,高雄市
市立鼎金國中,高雄市市立鼎金國中,553501,高雄市
市立三民國中,高雄市市立三民國中,553502,高雄市
市立民族國中,高雄市市立民族國中,553503,高雄市
市立陽明國中,高雄市市立陽明國中,553504,高雄市
市立正興國中,高雄市市立正興國中,553505,高雄市
市立前金國中,高雄市市立前金國中,573501,高雄市
市立苓雅國中,高雄市市立苓雅國中,583501,高雄市
市立五福國中,高雄市市立五福國中,583502,高雄市
市立大仁國中,高雄市市立大仁國中,583503,高雄市
市立英明國中,高雄市市立英明國中,583505,高雄市
市立獅甲國中,高雄市市立獅甲國中,593501,高雄市
市立前鎮國中,高雄市市立前鎮國中,593502,高雄市
市立瑞豐國中,高雄市市立瑞豐國中,593503,高雄市
市立光華國中,高雄市市立光華國中,593504,高雄市
市立興仁國中,高雄市市立興仁國中,593505,高雄市
市立旗津國中,高雄市市立旗津國中,603501,高雄市
市立小港國中,高雄市市立小港國中,613501,高雄市
市立鳳林國中,高雄市市立鳳林國中,613502,高雄市
市立中山國中,高雄市市立中山國中,613503,高雄市
市立明義國中,高雄市市立明義國中,613504,高雄市
縣立宜蘭國中,宜蘭縣縣立宜蘭國中,024501,宜蘭縣
縣立中華國中,宜蘭縣縣立中華國中,024502,宜蘭縣
縣立復興國中,宜蘭縣縣立復興國中,024503,宜蘭縣
縣立羅東國中,宜蘭縣縣立羅東國中,024504,宜蘭縣
縣立東光國中,宜蘭縣縣立東光國中,024505,宜蘭縣
縣立國華國中,宜蘭縣縣立國華國中,024506,宜蘭縣
縣立頭城國中,宜蘭縣縣立頭城國中,024507,宜蘭縣
縣立蘇澳國中,宜蘭縣縣立蘇澳國中,024508,宜蘭縣
縣立文化國中,宜蘭縣縣立文化國中,024509,宜蘭縣
縣立南安國中,宜蘭縣縣立南安國中,024510,宜蘭縣
縣立三星國中,宜蘭縣縣立三星國中,024511,宜蘭縣
縣立礁溪國中,宜蘭縣縣立礁溪國中,024512,宜蘭縣
縣立吳沙國中,宜蘭縣縣立吳沙國中,024513,宜蘭縣
縣立冬山國中,宜蘭縣縣立冬山國中,024514,宜蘭縣
縣立順安國中,宜蘭縣縣立順安國中,024515,宜蘭縣
縣立五結國中,宜蘭縣縣立五結國中,024516,宜蘭縣
縣立興中國中,宜蘭縣縣立興中國中,024517,宜蘭縣
縣立利澤國中,宜蘭縣縣立利澤國中,024518,宜蘭縣
縣立員山國中,宜蘭縣縣立員山國中,024519,宜蘭縣
縣立內城國中(小),宜蘭縣縣立內城國中(小),024520,宜蘭縣
縣立壯圍國中,宜蘭縣縣立壯圍國中,024521,宜蘭縣
縣立大同國中,宜蘭縣縣立大同國中,024523,宜蘭縣
縣立凱旋國中,宜蘭縣縣立凱旋國中,024524,宜蘭縣
縣立人文國中(小),宜蘭縣縣立人文國中(小),024526,宜蘭縣
私立康乃薾國中(小),新竹縣私立康乃薾國中(小),041501,新竹縣
縣立竹東國中,新竹縣縣立竹東國中,044501,新竹縣
縣立二重國中,新竹縣縣立二重國中,044502,新竹縣
縣立員東國中,新竹縣縣立員東國中,044503,新竹縣
縣立關西國中,新竹縣縣立關西國中,044504,新竹縣
縣立石光國中,新竹縣縣立石光國中,044505,新竹縣
縣立富光國中,新竹縣縣立富光國中,044506,新竹縣
縣立新埔國中,新竹縣縣立新埔國中,044507,新竹縣
縣立照門國中,新竹縣縣立照門國中,044508,新竹縣
縣立竹北國中,新竹縣縣立竹北國中,044509,新竹縣
縣立鳳岡國中,新竹縣縣立鳳岡國中,044510,新竹縣
縣立芎林國中,新竹縣縣立芎林國中,044512,新竹縣
縣立新豐國中,新竹縣縣立新豐國中,044513,新竹縣
縣立精華國中,新竹縣縣立精華國中,044514,新竹縣
縣立橫山國中,新竹縣縣立橫山國中,044515,新竹縣
縣立華山國中,新竹縣縣立華山國中,044516,新竹縣
縣立寶山國中,新竹縣縣立寶山國中,044517,新竹縣
縣立北埔國中,新竹縣縣立北埔國中,044518,新竹縣
縣立峨眉國中,新竹縣縣立峨眉國中,044519,新竹縣
縣立新湖國中,新竹縣縣立新湖國中,044521,新竹縣
縣立中正國中,新竹縣縣立中正國中,044522,新竹縣
縣立五峰國中,新竹縣縣立五峰國中,044523,新竹縣
縣立尖石國中,新竹縣縣立尖石國中,044524,新竹縣
縣立忠孝國中,新竹縣縣立忠孝國中,044525,新竹縣
縣立博愛國中,新竹縣縣立博愛國中,044526,新竹縣
縣立仁愛國中,新竹縣縣立仁愛國中,044527,新竹縣
縣立自強國中,新竹縣縣立自強國中,044528,新竹縣
縣立成功國中,新竹縣縣立成功國中,044529,新竹縣
縣立苗栗國中,苗栗縣縣立苗栗國中,054501,苗栗縣
縣立大倫國中,苗栗縣縣立大倫國中,054502,苗栗縣
縣立明仁國中,苗栗縣縣立明仁國中,054503,苗栗縣
縣立頭屋國中,苗栗縣縣立頭屋國中,054504,苗栗縣
縣立公館國中,苗栗縣縣立公館國中,054505,苗栗縣
縣立鶴岡國中,苗栗縣縣立鶴岡國中,054506,苗栗縣
縣立文林國中,苗栗縣縣立文林國中,054507,苗栗縣
縣立致民國中,苗栗縣縣立致民國中,054510,苗栗縣
縣立通霄國中,苗栗縣縣立通霄國中,054511,苗栗縣
縣立南和國中,苗栗縣縣立南和國中,054512,苗栗縣
縣立烏眉國中,苗栗縣縣立烏眉國中,054513,苗栗縣
縣立啟新國中,苗栗縣縣立啟新國中,054514,苗栗縣
縣立西湖國中,苗栗縣縣立西湖國中,054515,苗栗縣
縣立頭份國中,苗栗縣縣立頭份國中,054516,苗栗縣
縣立文英國中,苗栗縣縣立文英國中,054518,苗栗縣
縣立竹南國中,苗栗縣縣立竹南國中,054519,苗栗縣
縣立照南國中,苗栗縣縣立照南國中,054520,苗栗縣
縣立三灣國中,苗栗縣縣立三灣國中,054521,苗栗縣
縣立南庄國中,苗栗縣縣立南庄國中,054522,苗栗縣
縣立造橋國中,苗栗縣縣立造橋國中,054523,苗栗縣
縣立大西國中,苗栗縣縣立大西國中,054524,苗栗縣
縣立後龍國中,苗栗縣縣立後龍國中,054525,苗栗縣
縣立維真國中,苗栗縣縣立維真國中,054526,苗栗縣
縣立大湖國中,苗栗縣縣立大湖國中,054527,苗栗縣
縣立南湖國中,苗栗縣縣立南湖國中,054528,苗栗縣
縣立獅潭國中,苗栗縣縣立獅潭國中,054529,苗栗縣
縣立泰安國中(小),苗栗縣縣立泰安國中(小),054531,苗栗縣
縣立建國國中,苗栗縣縣立建國國中,054532,苗栗縣
縣立福興武術國中(小),苗栗縣縣立福興武術國中(小),054534,苗栗縣
縣立新港國中(小),苗栗縣縣立新港國中(小),054535,苗栗縣
縣立北斗國中,彰化縣縣立北斗國中,074501,彰化縣
縣立鹿港國中,彰化縣縣立鹿港國中,074502,彰化縣
縣立鹿鳴國中,彰化縣縣立鹿鳴國中,074503,彰化縣
縣立線西國中,彰化縣縣立線西國中,074504,彰化縣
縣立陽明國中,彰化縣縣立陽明國中,074505,彰化縣
縣立彰安國中,彰化縣縣立彰安國中,074506,彰化縣
縣立彰德國中,彰化縣縣立彰德國中,074507,彰化縣
縣立芬園國中,彰化縣縣立芬園國中,074509,彰化縣
縣立員林國中,彰化縣縣立員林國中,074510,彰化縣
縣立明倫國中,彰化縣縣立明倫國中,074511,彰化縣
縣立萬興國中,彰化縣縣立萬興國中,074512,彰化縣
縣立竹塘國中,彰化縣縣立竹塘國中,074514,彰化縣
縣立大城國中,彰化縣縣立大城國中,074515,彰化縣
縣立草湖國中,彰化縣縣立草湖國中,074516,彰化縣
縣立芳苑國中,彰化縣縣立芳苑國中,074517,彰化縣
縣立溪湖國中,彰化縣縣立溪湖國中,074518,彰化縣
縣立埔鹽國中,彰化縣縣立埔鹽國中,074519,彰化縣
縣立埔心國中,彰化縣縣立埔心國中,074520,彰化縣
縣立福興國中,彰化縣縣立福興國中,074521,彰化縣
縣立秀水國中,彰化縣縣立秀水國中,074522,彰化縣
縣立伸港國中,彰化縣縣立伸港國中,074524,彰化縣
縣立大村國中,彰化縣縣立大村國中,074525,彰化縣
縣立花壇國中,彰化縣縣立花壇國中,074526,彰化縣
縣立永靖國中,彰化縣縣立永靖國中,074527,彰化縣
縣立二水國中,彰化縣縣立二水國中,074529,彰化縣
縣立社頭國中,彰化縣縣立社頭國中,074530,彰化縣
縣立田尾國中,彰化縣縣立田尾國中,074531,彰化縣
縣立溪州國中,彰化縣縣立溪州國中,074532,彰化縣
縣立溪陽國中,彰化縣縣立溪陽國中,074533,彰化縣
縣立埤頭國中,彰化縣縣立埤頭國中,074534,彰化縣
縣立和群國中,彰化縣縣立和群國中,074535,彰化縣
縣立大同國中,彰化縣縣立大同國中,074536,彰化縣
縣立原斗國中,彰化縣縣立原斗國中,074537,彰化縣
縣立彰興國中,彰化縣縣立彰興國中,074538,彰化縣
縣立彰泰國中,彰化縣縣立彰泰國中,074540,彰化縣
縣立信義國中(小),彰化縣縣立信義國中(小),074541,彰化縣
私立均頭國中(小),南投縣私立均頭國中(小),081502,南投縣
縣立南投國中,南投縣縣立南投國中,084501,南投縣
縣立南崗國中,南投縣縣立南崗國中,084502,南投縣
縣立中興國中,南投縣縣立中興國中,084503,南投縣
縣立鳳鳴國中,南投縣縣立鳳鳴國中,084504,南投縣
縣立埔里國中,南投縣縣立埔里國中,084505,南投縣
縣立大成國中,南投縣縣立大成國中,084506,南投縣
縣立宏仁國中,南投縣縣立宏仁國中,084507,南投縣
縣立草屯國中,南投縣縣立草屯國中,084508,南投縣
縣立日新國中,南投縣縣立日新國中,084510,南投縣
縣立竹山國中,南投縣縣立竹山國中,084511,南投縣
縣立延和國中,南投縣縣立延和國中,084512,南投縣
縣立社寮國中,南投縣縣立社寮國中,084513,南投縣
縣立瑞竹國中,南投縣縣立瑞竹國中,084514,南投縣
縣立集集國中,南投縣縣立集集國中,084515,南投縣
縣立名間國中,南投縣縣立名間國中,084516,南投縣
縣立三光國中,南投縣縣立三光國中,084517,南投縣
縣立鹿谷國中,南投縣縣立鹿谷國中,084518,南投縣
縣立瑞峰國中,南投縣縣立瑞峰國中,084519,南投縣
縣立中寮國中,南投縣縣立中寮國中,084520,南投縣
縣立爽文國中,南投縣縣立爽文國中,084521,南投縣
縣立魚池國中,南投縣縣立魚池國中,084522,南投縣
縣立明潭國中,南投縣縣立明潭國中,084523,南投縣
縣立國姓國中,南投縣縣立國姓國中,084524,南投縣
縣立北梅國中,南投縣縣立北梅國中,084525,南投縣
縣立北山國中,南投縣縣立北山國中,084526,南投縣
縣立水里國中,南投縣縣立水里國中,084527,南投縣
縣立民和國中,南投縣縣立民和國中,084528,南投縣
縣立信義國中,南投縣縣立信義國中,084529,南投縣
縣立同富國中,南投縣縣立同富國中,084530,南投縣
縣立仁愛國中,南投縣縣立仁愛國中,084531,南投縣
縣立營北國中,南投縣縣立營北國中,084532,南投縣
私立淵明國中,雲林縣私立淵明國中,091502,雲林縣
私立東南國中(代用),雲林縣私立東南國中(代用),091503,雲林縣
私立福智國中,雲林縣私立福智國中,091505,雲林縣
縣立東明國中,雲林縣縣立東明國中,094502,雲林縣
縣立大埤國中,雲林縣縣立大埤國中,094503,雲林縣
縣立飛沙國中,雲林縣縣立飛沙國中,094504,雲林縣
縣立四湖國中,雲林縣縣立四湖國中,094505,雲林縣
縣立水林國中,雲林縣縣立水林國中,094506,雲林縣
縣立二崙國中,雲林縣縣立二崙國中,094508,雲林縣
縣立褒忠國中,雲林縣縣立褒忠國中,094509,雲林縣
縣立莿桐國中,雲林縣縣立莿桐國中,094510,雲林縣
縣立崙背國中,雲林縣縣立崙背國中,094511,雲林縣
縣立古坑國中(小),雲林縣縣立古坑國中(小),094512,雲林縣
縣立東勢國中,雲林縣縣立東勢國中,094513,雲林縣
縣立元長國中,雲林縣縣立元長國中,094514,雲林縣
縣立斗六國中,雲林縣縣立斗六國中,094515,雲林縣
縣立雲林國中,雲林縣縣立雲林國中,094516,雲林縣
縣立虎尾國中,雲林縣縣立虎尾國中,094517,雲林縣
縣立崇德國中,雲林縣縣立崇德國中,094518,雲林縣
縣立西螺國中,雲林縣縣立西螺國中,094519,雲林縣
縣立北港國中,雲林縣縣立北港國中,094520,雲林縣
縣立建國國中,雲林縣縣立建國國中,094521,雲林縣
縣立宜梧國中,雲林縣縣立宜梧國中,094522,雲林縣
縣立口湖國中,雲林縣縣立口湖國中,094523,雲林縣
縣立臺西國中,雲林縣縣立臺西國中,094524,雲林縣
縣立土庫國中,雲林縣縣立土庫國中,094525,雲林縣
縣立蔦松國中,雲林縣縣立蔦松國中,094526,雲林縣
縣立東和國中,雲林縣縣立東和國中,094527,雲林縣
縣立馬光國中,雲林縣縣立馬光國中,094528,雲林縣
縣立石榴國中,雲林縣縣立石榴國中,094529,雲林縣
縣立林內國中,雲林縣縣立林內國中,094530,雲林縣
縣立東仁國中,雲林縣縣立東仁國中,094543,雲林縣
縣立樟湖生態國中(小),雲林縣縣立樟湖生態國中(小),094544,雲林縣
縣立朴子國中,嘉義縣縣立朴子國中,104501,嘉義縣
縣立東石國中,嘉義縣縣立東石國中,104502,嘉義縣
縣立布袋國中,嘉義縣縣立布袋國中,104503,嘉義縣
縣立過溝國中,嘉義縣縣立過溝國中,104504,嘉義縣
縣立大林國中,嘉義縣縣立大林國中,104505,嘉義縣
縣立新港國中,嘉義縣縣立新港國中,104506,嘉義縣
縣立民雄國中,嘉義縣縣立民雄國中,104507,嘉義縣
縣立大吉國中,嘉義縣縣立大吉國中,104508,嘉義縣
縣立六嘉國中,嘉義縣縣立六嘉國中,104509,嘉義縣
縣立太保國中,嘉義縣縣立太保國中,104511,嘉義縣
縣立嘉新國中,嘉義縣縣立嘉新國中,104512,嘉義縣
縣立溪口國中,嘉義縣縣立溪口國中,104513,嘉義縣
縣立鹿草國中,嘉義縣縣立鹿草國中,104514,嘉義縣
縣立東榮國中,嘉義縣縣立東榮國中,104515,嘉義縣
縣立水上國中,嘉義縣縣立水上國中,104516,嘉義縣
縣立忠和國中,嘉義縣縣立忠和國中,104517,嘉義縣
縣立中埔國中,嘉義縣縣立中埔國中,104518,嘉義縣
縣立昇平國中,嘉義縣縣立昇平國中,104520,嘉義縣
縣立義竹國中,嘉義縣縣立義竹國中,104521,嘉義縣
縣立民和國中,嘉義縣縣立民和國中,104522,嘉義縣
縣立梅山國中,嘉義縣縣立梅山國中,104523,嘉義縣
縣立大埔國中,嘉義縣縣立大埔國中,104524,嘉義縣
縣立阿里山國中(小),嘉義縣縣立阿里山國中(小),104526,嘉義縣
私立南榮國中,屏東縣私立南榮國中,131501,屏東縣
縣立明正國中,屏東縣縣立明正國中,134501,屏東縣
縣立中正國中,屏東縣縣立中正國中,134502,屏東縣
縣立公正國中,屏東縣縣立公正國中,134503,屏東縣
縣立鶴聲國中,屏東縣縣立鶴聲國中,134505,屏東縣
縣立至正國中,屏東縣縣立至正國中,134506,屏東縣
縣立長治國中,屏東縣縣立長治國中,134507,屏東縣
縣立麟洛國中,屏東縣縣立麟洛國中,134508,屏東縣
縣立九如國中,屏東縣縣立九如國中,134509,屏東縣
縣立里港國中,屏東縣縣立里港國中,134510,屏東縣
縣立鹽埔國中,屏東縣縣立鹽埔國中,134511,屏東縣
縣立高樹國中,屏東縣縣立高樹國中,134512,屏東縣
縣立高泰國中,屏東縣縣立高泰國中,134513,屏東縣
縣立內埔國中,屏東縣縣立內埔國中,134514,屏東縣
縣立崇文國中,屏東縣縣立崇文國中,134515,屏東縣
縣立竹田國中,屏東縣縣立竹田國中,134516,屏東縣
縣立潮州國中,屏東縣縣立潮州國中,134517,屏東縣
縣立光春國中,屏東縣縣立光春國中,134518,屏東縣
縣立萬巒國中,屏東縣縣立萬巒國中,134519,屏東縣
縣立新埤國中,屏東縣縣立新埤國中,134520,屏東縣
縣立萬丹國中,屏東縣縣立萬丹國中,134522,屏東縣
縣立新園國中,屏東縣縣立新園國中,134523,屏東縣
縣立林邊國中,屏東縣縣立林邊國中,134525,屏東縣
縣立南州國中,屏東縣縣立南州國中,134526,屏東縣
縣立佳冬國中,屏東縣縣立佳冬國中,134527,屏東縣
縣立琉球國中,屏東縣縣立琉球國中,134528,屏東縣
縣立車城國中,屏東縣縣立車城國中,134530,屏東縣
縣立恆春國中,屏東縣縣立恆春國中,134531,屏東縣
縣立滿州國中,屏東縣縣立滿州國中,134532,屏東縣
縣立瑪家國中,屏東縣縣立瑪家國中,134533,屏東縣
縣立泰武國中,屏東縣縣立泰武國中,134535,屏東縣
縣立牡丹國中,屏東縣縣立牡丹國中,134536,屏東縣
縣立獅子國中,屏東縣縣立獅子國中,134537,屏東縣
縣立東新國中,屏東縣縣立東新國中,134538,屏東縣
縣立萬新國中,屏東縣縣立萬新國中,134542,屏東縣
縣立新生國中,臺東縣縣立新生國中,144501,臺東縣
縣立東海國中,臺東縣縣立東海國中,144502,臺東縣
縣立寶桑國中,臺東縣縣立寶桑國中,144503,臺東縣
縣立卑南國中,臺東縣縣立卑南國中,144504,臺東縣
縣立豐田國中,臺東縣縣立豐田國中,144505,臺東縣
縣立知本國中,臺東縣縣立知本國中,144506,臺東縣
縣立初鹿國中,臺東縣縣立初鹿國中,144507,臺東縣
縣立鹿野國中,臺東縣縣立鹿野國中,144508,臺東縣
縣立瑞源國中,臺東縣縣立瑞源國中,144509,臺東縣
縣立關山國中,臺東縣縣立關山國中,144510,臺東縣
縣立池上國中,臺東縣縣立池上國中,144511,臺東縣
縣立大王國中,臺東縣縣立大王國中,144512,臺東縣
縣立賓茂國中,臺東縣縣立賓茂國中,144513,臺東縣
縣立大武國中,臺東縣縣立大武國中,144514,臺東縣
縣立都蘭國中,臺東縣縣立都蘭國中,144515,臺東縣
縣立泰源國中,臺東縣縣立泰源國中,144516,臺東縣
縣立新港國中,臺東縣縣立新港國中,144517,臺東縣
縣立長濱國中,臺東縣縣立長濱國中,144518,臺東縣
縣立桃源國中,臺東縣縣立桃源國中,144519,臺東縣
縣立海端國中,臺東縣縣立海端國中,144520,臺東縣
縣立綠島國中,臺東縣縣立綠島國中,144521,臺東縣
縣立玉里國中,花蓮縣縣立玉里國中,154501,花蓮縣
縣立玉東國中,花蓮縣縣立玉東國中,154502,花蓮縣
縣立三民國中,花蓮縣縣立三民國中,154503,花蓮縣
縣立美崙國中,花蓮縣縣立美崙國中,154504,花蓮縣
縣立花崗國中,花蓮縣縣立花崗國中,154505,花蓮縣
縣立國風國中,花蓮縣縣立國風國中,154506,花蓮縣
縣立秀林國中,花蓮縣縣立秀林國中,154507,花蓮縣
縣立新城國中,花蓮縣縣立新城國中,154508,花蓮縣
縣立吉安國中,花蓮縣縣立吉安國中,154509,花蓮縣
縣立宜昌國中,花蓮縣縣立宜昌國中,154510,花蓮縣
縣立壽豐國中,花蓮縣縣立壽豐國中,154511,花蓮縣
縣立平和國中,花蓮縣縣立平和國中,154512,花蓮縣
縣立光復國中,花蓮縣縣立光復國中,154513,花蓮縣
縣立富源國中,花蓮縣縣立富源國中,154514,花蓮縣
縣立鳳林國中,花蓮縣縣立鳳林國中,154515,花蓮縣
縣立萬榮國中,花蓮縣縣立萬榮國中,154516,花蓮縣
縣立富里國中,花蓮縣縣立富里國中,154517,花蓮縣
縣立富北國中,花蓮縣縣立富北國中,154518,花蓮縣
縣立豐濱國中,花蓮縣縣立豐濱國中,154519,花蓮縣
縣立瑞穗國中,花蓮縣縣立瑞穗國中,154520,花蓮縣
縣立東里國中,花蓮縣縣立東里國中,154521,花蓮縣
縣立自強國中,花蓮縣縣立自強國中,154522,花蓮縣
縣立化仁國中,花蓮縣縣立化仁國中,154523,花蓮縣
縣立馬公國中,澎湖縣縣立馬公國中,164501,澎湖縣
縣立中正國中,澎湖縣縣立中正國中,164502,澎湖縣
縣立澎南國中,澎湖縣縣立澎南國中,164503,澎湖縣
縣立湖西國中,澎湖縣縣立湖西國中,164504,澎湖縣
縣立志清國中,澎湖縣縣立志清國中,164505,澎湖縣
縣立鎮海國中,澎湖縣縣立鎮海國中,164506,澎湖縣
縣立白沙國中,澎湖縣縣立白沙國中,164507,澎湖縣
縣立吉貝國中,澎湖縣縣立吉貝國中,164508,澎湖縣
縣立西嶼國中,澎湖縣縣立西嶼國中,164509,澎湖縣
縣立望安國中,澎湖縣縣立望安國中,164510,澎湖縣
縣立將澳國中,澎湖縣縣立將澳國中,164511,澎湖縣
縣立七美國中,澎湖縣縣立七美國中,164512,澎湖縣
縣立文光國中,澎湖縣縣立文光國中,164513,澎湖縣
縣立鳥嶼國中,澎湖縣縣立鳥嶼國中,164514,澎湖縣
市立明德國中,基隆市市立明德國中,173501,基隆市
市立銘傳國中,基隆市市立銘傳國中,173502,基隆市
市立信義國中,基隆市市立信義國中,173503,基隆市
市立中正國中,基隆市市立中正國中,173505,基隆市
市立南榮國中,基隆市市立南榮國中,173508,基隆市
市立成功國中,基隆市市立成功國中,173509,基隆市
市立正濱國中,基隆市市立正濱國中,173510,基隆市
市立建德國中,基隆市市立建德國中,173512,基隆市
市立百福國中,基隆市市立百福國中,173513,基隆市
市立碇內國中,基隆市市立碇內國中,173515,基隆市
市立武崙國中,基隆市市立武崙國中,173516,基隆市
私立矽谷國中(小),新竹市私立矽谷國中(小),181501,新竹市
市立建華國中,新竹市市立建華國中,183501,新竹市
市立培英國中,新竹市市立培英國中,183502,新竹市
市立光華國中,新竹市市立光華國中,183503,新竹市
市立育賢國中,新竹市市立育賢國中,183504,新竹市
市立光武國中,新竹市市立光武國中,183505,新竹市
市立南華國中,新竹市市立南華國中,183508,新竹市
市立富禮國中,新竹市市立富禮國中,183509,新竹市
市立三民國中,新竹市市立三民國中,183510,新竹市
市立內湖國中,新竹市市立內湖國中,183511,新竹市
市立虎林國中,新竹市市立虎林國中,183512,新竹市
市立新科國中,新竹市市立新科國中,183514,新竹市
市立竹光國中,新竹市市立竹光國中,183515,新竹市
市立大業國中,嘉義市市立大業國中,203501,嘉義市
市立北興國中,嘉義市市立北興國中,203502,嘉義市
市立嘉義國中,嘉義市市立嘉義國中,203503,嘉義市
市立南興國中,嘉義市市立南興國中,203504,嘉義市
市立民生國中,嘉義市市立民生國中,203505,嘉義市
市立玉山國中,嘉義市市立玉山國中,203506,嘉義市
市立蘭潭國中,嘉義市市立蘭潭國中,203507,嘉義市
市立北園國中,嘉義市市立北園國中,203508,嘉義市
縣立金城國中,金門縣縣立金城國中,714501,金門縣
縣立金湖國中,金門縣縣立金湖國中,714502,金門縣
縣立金寧國中(小),金門縣縣立金寧國中(小),714503,金門縣
縣立金沙國中,金門縣縣立金沙國中,714504,金門縣
縣立烈嶼國中,金門縣縣立烈嶼國中,714505,金門縣
縣立介壽國中(小),連江縣縣立介壽國中(小),724501,連江縣
縣立中正國中(小),連江縣縣立中正國中(小),724502,連江縣
縣立中山國中,連江縣縣立中山國中,724503,連江縣
縣立敬恆國中(小),連江縣縣立敬恆國中(小),724504,連江縣
縣立東引國中(小),連江縣縣立東引國中(小),724505,連江縣
國立華僑高級中等學校附設國中,新北市國立華僑高級中等學校附設國中,010301,新北市
私立淡江高中附設國中,新北市私立淡江高中附設國中,011301,新北市
私立康橋高中附設國中,新北市私立康橋高中附設國中,011302,新北市
私立金陵女中附設國中,新北市私立金陵女中附設國中,011306,新北市
新北市私立裕德實驗高級中學附設國中,新北市新北市私立裕德實驗高級中學附設國中,011307,新北市
財團法人南山高中附設國中,新北市財團法人南山高中附設國中,011309,新北市
財團法人恆毅高中附設國中,新北市財團法人恆毅高中附設國中,011310,新北市
私立聖心女中附設國中,新北市私立聖心女中附設國中,011311,新北市
私立崇義高中附設國中,新北市私立崇義高中附設國中,011312,新北市
私立格致高中附設國中,新北市私立格致高中附設國中,011316,新北市
私立醒吾高中附設國中,新北市私立醒吾高中附設國中,011317,新北市
私立徐匯高中附設國中,新北市私立徐匯高中附設國中,011318,新北市
財團法人崇光女中附設國中,新北市財團法人崇光女中附設國中,011322,新北市
私立光仁高中附設國中,新北市私立光仁高中附設國中,011323,新北市
私立竹林高中附設國中,新北市私立竹林高中附設國中,011324,新北市
私立及人高中附設國中,新北市私立及人高中附設國中,011325,新北市
財團法人辭修高中附設國中,新北市財團法人辭修高中附設國中,011329,新北市
私立時雨高中附設國中,新北市私立時雨高中附設國中,011399,新北市
市立海山高中附設國中,新北市市立海山高中附設國中,014302,新北市
市立三重高中附設國中,新北市市立三重高中附設國中,014311,新北市
市立永平高中附設國中,新北市市立永平高中附設國中,014315,新北市
市立樹林高中附設國中,新北市市立樹林高中附設國中,014322,新北市
市立明德高中附設國中,新北市市立明德高中附設國中,014326,新北市
市立秀峰高中附設國中,新北市市立秀峰高中附設國中,014332,新北市
市立金山高中附設國中,新北市市立金山高中附設國中,014338,新北市
市立安康高中附設國中,新北市市立安康高中附設國中,014343,新北市
市立雙溪高中附設國中,新北市市立雙溪高中附設國中,014347,新北市
市立石碇高中附設國中,新北市市立石碇高中附設國中,014348,新北市
市立丹鳳高中附設國中,新北市市立丹鳳高中附設國中,014353,新北市
市立清水高中附設國中,新北市市立清水高中附設國中,014356,新北市
市立三民高中附設國中,新北市市立三民高中附設國中,014357,新北市
市立錦和高中附設國中,新北市市立錦和高中附設國中,014362,新北市
市立光復高中附設國中,新北市市立光復高中附設國中,014363,新北市
市立竹圍高中附設國中,新北市市立竹圍高中附設國中,014364,新北市
市立北大高級中學附設國中,新北市市立北大高級中學附設國中,014381,新北市
市立西松高中附設國中,臺北市市立西松高中附設國中,313301,臺北市
市立中崙高中附設國中,臺北市市立中崙高中附設國中,313302,臺北市
國立師大附中附設國中,臺北市國立師大附中附設國中,330301,臺北市
私立延平中學附設國中,臺北市私立延平中學附設國中,331301,臺北市
私立復興實驗高中附設國中,臺北市私立復興實驗高中附設國中,331304,臺北市
市立和平高中附設國中,臺北市市立和平高中附設國中,333301,臺北市
市立大同高中附設國中,臺北市市立大同高中附設國中,343302,臺北市
市立大直高中附設國中,臺北市市立大直高中附設國中,343303,臺北市
私立靜修女中附設國中,臺北市私立靜修女中附設國中,361301,臺北市
市立成淵高中附設國中,臺北市市立成淵高中附設國中,363302,臺北市
私立立人高中附設國中,臺北市私立立人高中附設國中,371301,臺北市
市立大理高中附設國中,臺北市市立大理高中附設國中,373302,臺北市
國立政大附中附設國中,臺北市國立政大附中附設國中,380301,臺北市
私立東山高中附設國中,臺北市私立東山高中附設國中,381301,臺北市
私立再興中學附設國中,臺北市私立再興中學附設國中,381304,臺北市
私立景文高中附設國中,臺北市私立景文高中附設國中,381305,臺北市
市立萬芳高中附設國中,臺北市市立萬芳高中附設國中,383302,臺北市
市立南港高中附設國中,臺北市市立南港高中附設國中,393301,臺北市
國立臺灣戲曲學院附設國中,臺北市國立臺灣戲曲學院附設國中,400144,臺北市
私立方濟中學附設國中,臺北市私立方濟中學附設國中,401302,臺北市
私立達人女中附設國中,臺北市私立達人女中附設國中,401303,臺北市
私立衛理女中附設國中,臺北市私立衛理女中附設國中,411302,臺北市
私立華興中學附設國中,臺北市私立華興中學附設國中,411303,臺北市
市立陽明高中附設國中,臺北市市立陽明高中附設國中,413301,臺北市
市立百齡高中附設國中,臺北市市立百齡高中附設國中,413302,臺北市
私立薇閣高中附設國中,臺北市私立薇閣高中附設國中,421301,臺北市
臺北市私立奎山實驗高級中學附設國中,臺北市臺北市私立奎山實驗高級中學附設國中,421303,臺北市
私立六和高中附設國中,桃園市私立六和高中附設國中,031310,桃園市
私立復旦高中附設國中,桃園市私立復旦高中附設國中,031311,桃園市
私立治平高中附設國中,桃園市私立治平高中附設國中,031312,桃園市
私立振聲高中附設國中,桃園市私立振聲高中附設國中,031313,桃園市
私立清華高中附設國中,桃園市私立清華高中附設國中,031319,桃園市
私立新興高中附設國中,桃園市私立新興高中附設國中,031320,桃園市
私立大華高中附設國中,桃園市私立大華高中附設國中,031326,桃園市
市立觀音高中附設國中,桃園市市立觀音高中附設國中,034332,桃園市
市立永豐高中附設國中,桃園市市立永豐高中附設國中,034347,桃園市
財團法人常春藤高中附設國中,臺中市財團法人常春藤高中附設國中,061301,臺中市
私立大明高中附設國中,臺中市私立大明高中附設國中,061310,臺中市
私立明道高中附設國中,臺中市私立明道高中附設國中,061313,臺中市
私立僑泰高中附設國中,臺中市私立僑泰高中附設國中,061314,臺中市
私立華盛頓高中附設國中,臺中市私立華盛頓高中附設國中,061315,臺中市
私立弘文高中附設國中,臺中市私立弘文高中附設國中,061317,臺中市
私立立人高中附設國中,臺中市私立立人高中附設國中,061318,臺中市
市立后綜高中附設國中,臺中市市立后綜高中附設國中,064308,臺中市
市立大里高中附設國中,臺中市市立大里高中附設國中,064324,臺中市
市立新社高中附設國中,臺中市市立新社高中附設國中,064328,臺中市
市立長億高中附設國中,臺中市市立長億高中附設國中,064336,臺中市
市立中港高中附設國中,臺中市市立中港高中附設國中,064342,臺中市
私立東大附中附設國中,臺中市私立東大附中附設國中,191301,臺中市
私立葳格高中附設國中,臺中市私立葳格高中附設國中,191302,臺中市
私立新民高中附設國中,臺中市私立新民高中附設國中,191305,臺中市
私立宜寧高中附設國中,臺中市私立宜寧高中附設國中,191308,臺中市
私立明德高中附設國中,臺中市私立明德高中附設國中,191309,臺中市
私立衛道高中附設國中,臺中市私立衛道高中附設國中,191311,臺中市
私立曉明女中附設國中,臺中市私立曉明女中附設國中,191313,臺中市
私立嶺東高中附設國中,臺中市私立嶺東高中附設國中,191314,臺中市
市立忠明高中附設國中,臺中市市立忠明高中附設國中,193303,臺中市
市立西苑高中附設國中,臺中市市立西苑高中附設國中,193313,臺中市
市立東山高中附設國中,臺中市市立東山高中附設國中,193315,臺中市
市立惠文高中附設國中,臺中市市立惠文高中附設國中,193316,臺中市
國立南科國際實驗高中附設國中,臺南市國立南科國際實驗高中附設國中,110328,臺南市
私立南光高中附設國中,臺南市私立南光高中附設國中,111313,臺南市
私立鳳和高中附設國中,臺南市私立鳳和高中附設國中,111318,臺南市
私立港明高中附設國中,臺南市私立港明高中附設國中,111320,臺南市
臺南市興國高中附設國中,臺南市臺南市興國高中附設國中,111321,臺南市
私立明達高中附設國中,臺南市私立明達高中附設國中,111322,臺南市
私立黎明高中附設國中,臺南市私立黎明高中附設國中,111323,臺南市
私立新榮高中附設國中,臺南市私立新榮高中附設國中,111326,臺南市
市立大灣高中附設國中,臺南市市立大灣高中附設國中,114306,臺南市
市立永仁高中附設國中,臺南市市立永仁高中附設國中,114307,臺南市
私立長榮高中附設國中,臺南市私立長榮高中附設國中,211301,臺南市
財團法人聖功女中附設國中,臺南市財團法人聖功女中附設國中,211304,臺南市
臺南市光華高中附設國中,臺南市臺南市光華高中附設國中,211310,臺南市
私立瀛海高中附設國中,臺南市私立瀛海高中附設國中,211315,臺南市
私立崑山高中附設國中,臺南市私立崑山高中附設國中,211317,臺南市
私立德光高中附設國中,臺南市私立德光高中附設國中,211318,臺南市
財團法人慈濟高中附設國中,臺南市財團法人慈濟高中附設國中,211320,臺南市
市立南寧高中附設國中,臺南市市立南寧高中附設國中,213303,臺南市
市立土城高中附設國中,臺南市市立土城高中附設國中,213316,臺南市
財團法人普門中學附設國中,高雄市財團法人普門中學附設國中,121307,高雄市
私立正義高中附設國中,高雄市私立正義高中附設國中,121318,高雄市
私立義大國際高中附設國中,高雄市私立義大國際高中附設國中,121320,高雄市
市立文山高中附設國中,高雄市市立文山高中附設國中,124302,高雄市
市立林園高中附設國中,高雄市市立林園高中附設國中,124311,高雄市
市立仁武高中附設國中,高雄市市立仁武高中附設國中,124313,高雄市
市立路竹高中附設國中,高雄市市立路竹高中附設國中,124322,高雄市
市立六龜高中附設國中,高雄市市立六龜高中附設國中,124333,高雄市
市立福誠高中附設國中,高雄市市立福誠高中附設國中,124340,高雄市
私立明誠高中附設國中,高雄市私立明誠高中附設國中,521301,高雄市
私立大榮高中附設國中,高雄市私立大榮高中附設國中,521303,高雄市
市立鼓山高中附設國中,高雄市市立鼓山高中附設國中,523301,高雄市
國立中山大學附屬國光高中附設國中,高雄市國立中山大學附屬國光高中附設國中,540301,高雄市
私立立志高中附設國中,高雄市私立立志高中附設國中,551301,高雄市
市立新興高中附設國中,高雄市市立新興高中附設國中,563301,高雄市
國立高師大附中附設國中,高雄市國立高師大附中附設國中,580301,高雄市
私立復華高中附設國中,高雄市私立復華高中附設國中,581301,高雄市
天主教道明中學附設國中,高雄市天主教道明中學附設國中,581302,高雄市
市立中正高中附設國中,高雄市市立中正高中附設國中,583301,高雄市
市立瑞祥高中附設國中,高雄市市立瑞祥高中附設國中,593302,高雄市
國立高餐大附屬餐旅中學附設國中,高雄市國立高餐大附屬餐旅中學附設國中,610405,高雄市
私立慧燈高中附設國中,宜蘭縣私立慧燈高中附設國中,021301,宜蘭縣
私立中道高中附設國中,宜蘭縣私立中道高中附設國中,021310,宜蘭縣
縣立南澳高中附設國中,宜蘭縣縣立南澳高中附設國中,024322,宜蘭縣
縣立慈心華德福實中附設國中,宜蘭縣縣立慈心華德福實中附設國中,024325,宜蘭縣
私立義民高中附設國中,新竹縣私立義民高中附設國中,041303,新竹縣
私立忠信高中附設國中,新竹縣私立忠信高中附設國中,041305,新竹縣
私立東泰高中附設國中,新竹縣私立東泰高中附設國中,041306,新竹縣
私立仰德高中附設國中,新竹縣私立仰德高中附設國中,041307,新竹縣
縣立六家高級中學附設國中,新竹縣縣立六家高級中學附設國中,044311,新竹縣
縣立湖口高中附設國中,新竹縣縣立湖口高中附設國中,044320,新竹縣
國立卓蘭實驗高中附設國中,苗栗縣國立卓蘭實驗高中附設國中,050314,苗栗縣
私立君毅高中附設國中,苗栗縣私立君毅高中附設國中,051302,苗栗縣
私立建臺高中附設國中,苗栗縣私立建臺高中附設國中,051306,苗栗縣
私立全人實驗高中附設國中,苗栗縣私立全人實驗高中附設國中,051307,苗栗縣
縣立三義高中附設國中,苗栗縣縣立三義高中附設國中,054308,苗栗縣
縣立苑裡高中附設國中,苗栗縣縣立苑裡高中附設國中,054309,苗栗縣
縣立興華高中附設國中,苗栗縣縣立興華高中附設國中,054317,苗栗縣
縣立大同高中附設國中,苗栗縣縣立大同高中附設國中,054333,苗栗縣
私立精誠高中附設國中,彰化縣私立精誠高中附設國中,071311,彰化縣
私立文興高中附設國中,彰化縣私立文興高中附設國中,071317,彰化縣
財團法人正德高中附設國中,彰化縣財團法人正德高中附設國中,071318,彰化縣
縣立彰化藝術高中附設國中,彰化縣縣立彰化藝術高中附設國中,074308,彰化縣
縣立二林高中附設國中,彰化縣縣立二林高中附設國中,074313,彰化縣
縣立和美高中附設國中,彰化縣縣立和美高中附設國中,074323,彰化縣
縣立田中高中附設國中,彰化縣縣立田中高中附設國中,074328,彰化縣
縣立成功高中附設國中,彰化縣縣立成功高中附設國中,074339,彰化縣
私立三育高中附設國中,南投縣私立三育高中附設國中,081312,南投縣
私立弘明實驗高中附設國中,南投縣私立弘明實驗高中附設國中,081313,南投縣
私立普台高中附設國中,南投縣私立普台高中附設國中,081314,南投縣
縣立旭光高中附設國中,南投縣縣立旭光高中附設國中,084309,南投縣
私立永年高中附設國中,雲林縣私立永年高中附設國中,091307,雲林縣
私立正心高中附設國中,雲林縣私立正心高中附設國中,091308,雲林縣
私立文生高中附設國中,雲林縣私立文生高中附設國中,091311,雲林縣
私立揚子高中附設國中,雲林縣私立揚子高中附設國中,091316,雲林縣
雲林縣維多利亞實驗高中附設國中,雲林縣雲林縣維多利亞實驗高中附設國中,091320,雲林縣
縣立斗南高中附設國中,雲林縣縣立斗南高中附設國中,094301,雲林縣
縣立麥寮高中附設國中,雲林縣縣立麥寮高中附設國中,094307,雲林縣
縣立古坑華德福實驗高級中學附設國中,雲林縣縣立古坑華德福實驗高級中學附設國中,094308,雲林縣
私立同濟高中附設國中,嘉義縣私立同濟高中附設國中,101303,嘉義縣
私立協同高中附設國中,嘉義縣私立協同高中附設國中,101304,嘉義縣
縣立竹崎高中附設國中,嘉義縣縣立竹崎高中附設國中,104319,嘉義縣
縣立永慶高中附設國中,嘉義縣縣立永慶高中附設國中,104326,嘉義縣
私立陸興高中附設國中,屏東縣私立陸興高中附設國中,131308,屏東縣
私立美和高中附設國中,屏東縣私立美和高中附設國中,131311,屏東縣
縣立大同高中附設國中,屏東縣縣立大同高中附設國中,134304,屏東縣
縣立枋寮高中附設國中,屏東縣縣立枋寮高中附設國中,134321,屏東縣
縣立東港高中附設國中,屏東縣縣立東港高中附設國中,134324,屏東縣
縣立來義高中附設國中,屏東縣縣立來義高中附設國中,134334,屏東縣
國立臺東大學附屬體育高中附設國中,臺東縣國立臺東大學附屬體育高中附設國中,140301,臺東縣
臺東縣均一高中附設國中,臺東縣臺東縣均一高中附設國中,141301,臺東縣
私立育仁高中附設國中,臺東縣私立育仁高中附設國中,141307,臺東縣
縣立蘭嶼高中附設國中,臺東縣縣立蘭嶼高中附設國中,144322,臺東縣
私立海星高中附設國中,花蓮縣私立海星高中附設國中,151306,花蓮縣
財團法人慈濟大學附中附設國中,花蓮縣財團法人慈濟大學附中附設國中,151312,花蓮縣
縣立南平中學附設國中,花蓮縣縣立南平中學附設國中,154399,花蓮縣
私立二信高中附設國中,基隆市私立二信高中附設國中,171306,基隆市
輔大聖心高中附設國中,基隆市輔大聖心高中附設國中,171308,基隆市
市立中山高中附設國中,基隆市市立中山高中附設國中,173304,基隆市
市立安樂高中附設國中,基隆市市立安樂高中附設國中,173306,基隆市
市立暖暖高中附設國中,基隆市市立暖暖高中附設國中,173307,基隆市
市立八斗高中附設國中,基隆市市立八斗高中附設國中,173314,基隆市
國立科學工業園區實驗高中附設國中,新竹市國立科學工業園區實驗高中附設國中,180301,新竹市
私立光復高中附設國中,新竹市私立光復高中附設國中,181305,新竹市
私立曙光女中附設國中,新竹市私立曙光女中附設國中,181306,新竹市
私立磐石高中附設國中,新竹市私立磐石高中附設國中,181307,新竹市
市立成德高中附設國中,新竹市市立成德高中附設國中,183306,新竹市
市立香山高中附設國中,新竹市市立香山高中附設國中,183307,新竹市
市立建功高中附設國中,新竹市市立建功高中附設國中,183313,新竹市
私立興華高中附設國中,嘉義市私立興華高中附設國中,201304,嘉義市
私立嘉華高中附設國中,嘉義市私立嘉華高中附設國中,201310,嘉義市
私立輔仁高中附設國中,嘉義市私立輔仁高中附設國中,201312,嘉義市
私立宏仁女中附設國中,嘉義市私立宏仁女中附設國中,201313,嘉義市
